Isolate,CDR4,CDR5,CDR6,CDR9,CDR48,CDR49,CDR59,CDR60
CD07758,21,10,13,11,7,20,11,17
CD07767,DC,7,DC,12,5,10,8,3
CD07799,18,3,33,17,9,11,4,8
CD07802,27,3,32,10,10,22,4,10
CD07808,21,10,14,11,7,20,11,17
CD07811,21,10,13,11,7,19,11,17
CD07815,DC,3,19,7,10,16,4,9
CD07816,26,3,33,10,10,22,4,10
CD07823,27,3,32,10,10,22,4,10
CD07855,31,6,23,3,7,8,7,9
CD07881,32,3,15,15,9,12,4,8
CD07885,28,3,24,16,9,12,4,8
CD07888,13,3,16,12,11,15,4,6
CD07910,32,6,23,3,7,8,7,9
CD07913,28,3,21,13,9,14,4,9
CD07914,19,7,27,8,5,19,8,3
CD07919,30,3,15,15,9,12,4,8
CD07921,19,3,25,18,9,13,4,9
CD07932,9,7,DC,8,5,14,8,3
CD07933,26,3,20,7,10,19,4,10
CD07957,18,7,23,8,5,19,8,3
CD07968,17,3,31,17,9,11,4,8
CD07982,DC,3,19,12,9,12,4,DC
CD07999,24,7,24,7,6,20,12,2
CD08008,19,7,26,8,5,19,8,3
CD08016,23,7,25,7,6,20,12,2
CD08023,20,3,24,18,9,13,4,9
CD08041,20,3,24,18,9,13,4,9
CD08052,23,6,25,9,6,17,12,2
CD08086,13,3,DC,7,DC,9,8,8
CD08099,21,3,18,18,9,12,4,4
CD08117,13,3,DC,7,6,9,8,7
CD08121,17,11,21,9,6,18,12,13
CD08171,21,3,18,DC,9,12,4,4
CD08184,21,6,8,12,5,16,8,3
CD08188,DC,6,8,12,5,16,8,3
CD08194,21,3,28,20,9,12,4,4
CD08197,16,3,DC,DC,DC,12,4,4
CD08198,21,3,29,20,9,12,4,4
CD08199,21,3,28,20,9,12,4,4
CD08217,37,3,31,17,11,17,4,DC
CD08218,25,3,21,7,10,20,4,11
CD08249,15,3,18,7,10,17,4,DC
CD08250,25,3,21,7,10,20,4,11
CD08254,24,3,22,7,10,19,4,10
CD08258,24,3,21,7,10,19,4,10
CD08259,25,3,21,7,10,19,4,10
CD08261,24,3,22,7,10,19,4,10
CD08317,22,3,19,18,9,12,4,4
CD08335,31,7,31,12,5,16,8,3
CD08336,DC,3,20,13,9,12,4,8
CD08338,14,7,7,5,5,14,DC,3
CD08339,17,7,7,5,5,14,DC,3
CD08343,23,6,28,9,6,17,12,2
CD08345,24,3,21,8,10,20,4,11
CD08354,15,11,21,9,6,DC,12,12
CD08361,DC,7,DC,12,5,16,8,3
CD08432,DC,3,21,15,9,12,4,4
CD08435,19,3,18,30,9,12,4,4
CD08437,16,7,21,12,6,18,8,3
