Isolate1,Isolate2,STRD,LV
CD07758,CD07767,33,6
CD07758,CD07799,43,7
CD07758,CD07802,33,7
CD07758,CD07808,0,0
CD07758,CD07811,1,1
CD07758,CD07815,33,6
CD07758,CD07816,32,7
CD07758,CD07823,33,7
CD07758,CD07855,46,6
CD07758,CD07881,48,7
CD07758,CD07885,45,7
CD07758,CD07888,43,7
CD07758,CD07910,47,6
CD07758,CD07913,39,7
CD07758,CD07914,28,7
CD07758,CD07919,46,7
CD07758,CD07921,40,7
CD07758,CD07932,43,7
CD07758,CD07933,34,7
CD07758,CD07957,29,7
CD07758,CD07968,44,7
CD07758,CD07982,25,5
CD07758,CD07999,27,6
CD07758,CD08008,28,7
CD07758,CD08016,26,6
CD07758,CD08023,39,7
CD07758,CD08041,39,7
CD07758,CD08052,28,7
CD07758,CD08086,42,6
CD07758,CD08099,44,6
CD07758,CD08117,44,7
CD07758,CD08121,15,7
CD07758,CD08171,37,5
CD07758,CD08184,28,6
CD07758,CD08188,28,6
CD07758,CD08194,46,6
CD07758,CD08197,40,5
CD07758,CD08198,46,6
CD07758,CD08199,46,6
CD07758,CD08217,43,6
CD07758,CD08218,31,6
CD07758,CD08249,30,6
CD07758,CD08250,31,6
CD07758,CD08254,32,7
CD07758,CD08258,32,7
CD07758,CD08259,33,7
CD07758,CD08261,32,7
CD07758,CD08317,45,7
CD07758,CD08335,37,7
CD07758,CD08336,35,6
CD07758,CD08338,38,6
CD07758,CD08339,35,6
CD07758,CD08343,28,7
CD07758,CD08345,29,6
CD07758,CD08354,16,6
CD07758,CD08361,27,6
CD07758,CD08432,41,6
CD07758,CD08435,58,7
CD07758,CD08437,29,7
CD07767,CD07799,23,6
CD07767,CD07802,34,6
CD07767,CD07808,33,6
CD07767,CD07811,32,6
CD07767,CD07815,30,6
CD07767,CD07816,34,6
CD07767,CD07823,34,6
CD07767,CD07855,21,6
CD07767,CD07881,22,6
CD07767,CD07885,23,6
CD07767,CD07888,22,5
CD07767,CD07910,21,6
CD07767,CD07913,23,6
CD07767,CD07914,13,2
CD07767,CD07919,22,6
CD07767,CD07921,27,6
CD07767,CD07932,8,2
CD07767,CD07933,34,6
CD07767,CD07957,13,2
CD07767,CD07968,23,6
CD07767,CD07982,14,4
CD07767,CD07999,21,5
CD07767,CD08008,13,2
CD07767,CD08016,21,5
CD07767,CD08023,27,6
CD07767,CD08041,27,6
CD07767,CD08052,17,6
CD07767,CD08086,15,4
CD07767,CD08099,21,6
CD07767,CD08117,15,5
CD07767,CD08121,30,6
CD07767,CD08171,15,5
CD07767,CD08184,7,2
CD07767,CD08188,7,2
CD07767,CD08194,23,6
CD07767,CD08197,11,4
CD07767,CD08198,23,6
CD07767,CD08199,23,6
CD07767,CD08217,26,5
CD07767,CD08218,36,6
CD07767,CD08249,25,5
CD07767,CD08250,36,6
CD07767,CD08254,34,6
CD07767,CD08258,34,6
CD07767,CD08259,34,6
CD07767,CD08261,34,6
CD07767,CD08317,21,6
CD07767,CD08335,6,1
CD07767,CD08336,20,6
CD07767,CD08338,11,2
CD07767,CD08339,11,2
CD07767,CD08343,17,6
CD07767,CD08345,35,6
CD07767,CD08354,21,5
CD07767,CD08361,6,1
CD07767,CD08432,18,6
CD07767,CD08435,33,6
CD07767,CD08437,9,2
CD07799,CD07802,30,5
CD07799,CD07808,43,7
CD07799,CD07811,42,7
CD07799,CD07815,17,4
CD07799,CD07816,29,5
CD07799,CD07823,30,5
CD07799,CD07855,39,7
CD07799,CD07881,17,3
CD07799,CD07885,12,3
CD07799,CD07888,18,5
CD07799,CD07910,40,7
CD07799,CD07913,18,4
CD07799,CD07914,35,7
CD07799,CD07919,15,3
CD07799,CD07921,5,4
CD07799,CD07932,38,7
CD07799,CD07933,29,5
CD07799,CD07957,34,6
CD07799,CD07968,1,1
CD07799,CD07982,6,2
CD07799,CD07999,46,7
CD07799,CD08008,35,7
CD07799,CD08016,45,7
CD07799,CD08023,6,4
CD07799,CD08041,6,4
CD07799,CD08052,39,7
CD07799,CD08086,21,4
CD07799,CD08099,9,4
CD07799,CD08117,25,6
CD07799,CD08121,40,7
CD07799,CD08171,8,3
CD07799,CD08184,29,7
CD07799,CD08188,26,6
CD07799,CD08194,11,4
CD07799,CD08197,7,3
CD07799,CD08198,11,4
CD07799,CD08199,11,4
CD07799,CD08217,27,3
CD07799,CD08218,30,5
CD07799,CD08249,20,4
CD07799,CD08250,30,5
CD07799,CD08254,27,5
CD07799,CD08258,27,5
CD07799,CD08259,28,5
CD07799,CD08261,27,5
CD07799,CD08317,10,4
CD07799,CD08335,40,7
CD07799,CD08336,5,2
CD07799,CD08338,32,6
CD07799,CD08339,29,6
CD07799,CD08343,39,7
CD07799,CD08345,28,5
CD07799,CD08354,34,6
CD07799,CD08361,27,6
CD07799,CD08432,7,3
CD07799,CD08435,19,4
CD07799,CD08437,30,7
CD07802,CD07808,33,7
CD07802,CD07811,34,7
CD07802,CD07815,10,3
CD07802,CD07816,1,1
CD07802,CD07823,0,0
CD07802,CD07855,35,7
CD07802,CD07881,23,5
CD07802,CD07885,20,5
CD07802,CD07888,28,5
CD07802,CD07910,36,7
CD07802,CD07913,14,5
CD07802,CD07914,33,7
CD07802,CD07919,21,5
CD07802,CD07921,27,5
CD07802,CD07932,48,7
CD07802,CD07933,7,3
CD07802,CD07957,34,7
CD07802,CD07968,31,5
CD07802,CD07982,13,3
CD07802,CD07999,32,7
CD07802,CD08008,33,7
CD07802,CD08016,33,7
CD07802,CD08023,26,5
CD07802,CD08041,26,5
CD07802,CD08052,33,7
CD07802,CD08086,36,5
CD07802,CD08099,31,5
CD07802,CD08117,41,6
CD07802,CD08121,38,7
CD07802,CD08171,23,4
CD07802,CD08184,33,7
CD07802,CD08188,27,6
CD07802,CD08194,33,5
CD07802,CD08197,27,3
CD07802,CD08198,33,5
CD07802,CD08199,33,5
CD07802,CD08217,23,4
CD07802,CD08218,8,4
CD07802,CD08249,20,3
CD07802,CD08250,8,4
CD07802,CD08254,9,3
CD07802,CD08258,9,3
CD07802,CD08259,8,3
CD07802,CD08261,9,3
CD07802,CD08317,30,5
CD07802,CD08335,32,7
CD07802,CD08336,16,4
CD07802,CD08338,42,6
CD07802,CD08339,39,6
CD07802,CD08343,33,7
CD07802,CD08345,8,4
CD07802,CD08354,35,6
CD07802,CD08361,28,6
CD07802,CD08432,22,4
CD07802,CD08435,45,5
CD07802,CD08437,36,7
CD07808,CD07811,1,1
CD07808,CD07815,33,6
CD07808,CD07816,32,7
CD07808,CD07823,33,7
CD07808,CD07855,46,6
CD07808,CD07881,48,7
CD07808,CD07885,45,7
CD07808,CD07888,43,7
CD07808,CD07910,47,6
CD07808,CD07913,39,7
CD07808,CD07914,28,7
CD07808,CD07919,46,7
CD07808,CD07921,40,7
CD07808,CD07932,43,7
CD07808,CD07933,34,7
CD07808,CD07957,29,7
CD07808,CD07968,44,7
CD07808,CD07982,25,5
CD07808,CD07999,27,6
CD07808,CD08008,28,7
CD07808,CD08016,26,6
CD07808,CD08023,39,7
CD07808,CD08041,39,7
CD07808,CD08052,28,7
CD07808,CD08086,42,6
CD07808,CD08099,44,6
CD07808,CD08117,44,7
CD07808,CD08121,15,7
CD07808,CD08171,37,5
CD07808,CD08184,28,6
CD07808,CD08188,28,6
CD07808,CD08194,46,6
CD07808,CD08197,40,5
CD07808,CD08198,46,6
CD07808,CD08199,46,6
CD07808,CD08217,43,6
CD07808,CD08218,31,6
CD07808,CD08249,30,6
CD07808,CD08250,31,6
CD07808,CD08254,32,7
CD07808,CD08258,32,7
CD07808,CD08259,33,7
CD07808,CD08261,32,7
CD07808,CD08317,45,7
CD07808,CD08335,37,7
CD07808,CD08336,35,6
CD07808,CD08338,38,6
CD07808,CD08339,35,6
CD07808,CD08343,28,7
CD07808,CD08345,29,6
CD07808,CD08354,16,6
CD07808,CD08361,27,6
CD07808,CD08432,41,6
CD07808,CD08435,58,7
CD07808,CD08437,29,7
CD07811,CD07815,32,6
CD07811,CD07816,33,7
CD07811,CD07823,34,7
CD07811,CD07855,45,6
CD07811,CD07881,47,7
CD07811,CD07885,44,7
CD07811,CD07888,42,7
CD07811,CD07910,46,6
CD07811,CD07913,38,7
CD07811,CD07914,27,6
CD07811,CD07919,45,7
CD07811,CD07921,39,7
CD07811,CD07932,42,7
CD07811,CD07933,33,6
CD07811,CD07957,28,6
CD07811,CD07968,43,7
CD07811,CD07982,24,5
CD07811,CD07999,28,7
CD07811,CD08008,27,6
CD07811,CD08016,27,7
CD07811,CD08023,38,7
CD07811,CD08041,38,7
CD07811,CD08052,27,7
CD07811,CD08086,41,6
CD07811,CD08099,43,6
CD07811,CD08117,43,7
CD07811,CD08121,14,7
CD07811,CD08171,36,5
CD07811,CD08184,27,6
CD07811,CD08188,27,6
CD07811,CD08194,45,6
CD07811,CD08197,39,5
CD07811,CD08198,45,6
CD07811,CD08199,45,6
CD07811,CD08217,42,6
CD07811,CD08218,32,7
CD07811,CD08249,29,6
CD07811,CD08250,32,7
CD07811,CD08254,31,6
CD07811,CD08258,31,6
CD07811,CD08259,32,6
CD07811,CD08261,31,6
CD07811,CD08317,44,7
CD07811,CD08335,36,7
CD07811,CD08336,34,6
CD07811,CD08338,37,6
CD07811,CD08339,34,6
CD07811,CD08343,27,7
CD07811,CD08345,30,7
CD07811,CD08354,16,6
CD07811,CD08361,26,6
CD07811,CD08432,40,6
CD07811,CD08435,57,7
CD07811,CD08437,28,7
CD07815,CD07816,10,3
CD07815,CD07823,10,3
CD07815,CD07855,21,5
CD07815,CD07881,14,4
CD07815,CD07885,15,4
CD07815,CD07888,10,4
CD07815,CD07910,21,5
CD07815,CD07913,9,3
CD07815,CD07914,23,6
CD07815,CD07919,14,4
CD07815,CD07921,15,3
CD07815,CD07932,22,6
CD07815,CD07933,4,2
CD07815,CD07957,23,6
CD07815,CD07968,17,4
CD07815,CD07982,10,3
CD07815,CD07999,27,5
CD07815,CD08008,23,6
CD07815,CD08016,27,5
CD07815,CD08023,15,3
CD07815,CD08041,15,3
CD07815,CD08052,25,6
CD07815,CD08086,12,3
CD07815,CD08099,21,4
CD07815,CD08117,17,4
CD07815,CD08121,28,6
CD07815,CD08171,10,3
CD07815,CD08184,23,5
CD07815,CD08188,23,5
CD07815,CD08194,23,4
CD07815,CD08197,9,2
CD07815,CD08198,23,4
CD07815,CD08199,23,4
CD07815,CD08217,12,3
CD07815,CD08218,6,2
CD07815,CD08249,1,1
CD07815,CD08250,6,2
CD07815,CD08254,4,2
CD07815,CD08258,4,2
CD07815,CD08259,4,2
CD07815,CD08261,4,2
CD07815,CD08317,21,4
CD07815,CD08335,24,5
CD07815,CD08336,12,4
CD07815,CD08338,19,5
CD07815,CD08339,19,5
CD07815,CD08343,25,6
CD07815,CD08345,7,3
CD07815,CD08354,25,5
CD07815,CD08361,24,5
CD07815,CD08432,18,4
CD07815,CD08435,33,4
CD07815,CD08437,25,6
CD07816,CD07823,1,1
CD07816,CD07855,36,7
CD07816,CD07881,24,5
CD07816,CD07885,21,5
CD07816,CD07888,27,5
CD07816,CD07910,37,7
CD07816,CD07913,15,5
CD07816,CD07914,32,7
CD07816,CD07919,22,5
CD07816,CD07921,26,5
CD07816,CD07932,47,7
CD07816,CD07933,6,2
CD07816,CD07957,33,7
CD07816,CD07968,30,5
CD07816,CD07982,13,3
CD07816,CD07999,31,7
CD07816,CD08008,32,7
CD07816,CD08016,32,7
CD07816,CD08023,25,5
CD07816,CD08041,25,5
CD07816,CD08052,32,7
CD07816,CD08086,35,5
CD07816,CD08099,30,5
CD07816,CD08117,40,6
CD07816,CD08121,37,7
CD07816,CD08171,22,4
CD07816,CD08184,32,7
CD07816,CD08188,27,6
CD07816,CD08194,32,5
CD07816,CD08197,26,3
CD07816,CD08198,32,5
CD07816,CD08199,32,5
CD07816,CD08217,24,4
CD07816,CD08218,7,4
CD07816,CD08249,19,3
CD07816,CD08250,7,4
CD07816,CD08254,8,3
CD07816,CD08258,8,3
CD07816,CD08259,7,3
CD07816,CD08261,8,3
CD07816,CD08317,29,5
CD07816,CD08335,33,7
CD07816,CD08336,16,4
CD07816,CD08338,41,6
CD07816,CD08339,38,6
CD07816,CD08343,32,7
CD07816,CD08345,7,4
CD07816,CD08354,34,6
CD07816,CD08361,28,6
CD07816,CD08432,22,4
CD07816,CD08435,44,5
CD07816,CD08437,35,7
CD07823,CD07855,35,7
CD07823,CD07881,23,5
CD07823,CD07885,20,5
CD07823,CD07888,28,5
CD07823,CD07910,36,7
CD07823,CD07913,14,5
CD07823,CD07914,33,7
CD07823,CD07919,21,5
CD07823,CD07921,27,5
CD07823,CD07932,48,7
CD07823,CD07933,7,3
CD07823,CD07957,34,7
CD07823,CD07968,31,5
CD07823,CD07982,13,3
CD07823,CD07999,32,7
CD07823,CD08008,33,7
CD07823,CD08016,33,7
CD07823,CD08023,26,5
CD07823,CD08041,26,5
CD07823,CD08052,33,7
CD07823,CD08086,36,5
CD07823,CD08099,31,5
CD07823,CD08117,41,6
CD07823,CD08121,38,7
CD07823,CD08171,23,4
CD07823,CD08184,33,7
CD07823,CD08188,27,6
CD07823,CD08194,33,5
CD07823,CD08197,27,3
CD07823,CD08198,33,5
CD07823,CD08199,33,5
CD07823,CD08217,23,4
CD07823,CD08218,8,4
CD07823,CD08249,20,3
CD07823,CD08250,8,4
CD07823,CD08254,9,3
CD07823,CD08258,9,3
CD07823,CD08259,8,3
CD07823,CD08261,9,3
CD07823,CD08317,30,5
CD07823,CD08335,32,7
CD07823,CD08336,16,4
CD07823,CD08338,42,6
CD07823,CD08339,39,6
CD07823,CD08343,33,7
CD07823,CD08345,8,4
CD07823,CD08354,35,6
CD07823,CD08361,28,6
CD07823,CD08432,22,4
CD07823,CD08435,45,5
CD07823,CD08437,36,7
CD07855,CD07881,26,7
CD07855,CD07885,29,7
CD07855,CD07888,47,7
CD07855,CD07910,1,1
CD07855,CD07913,27,6
CD07855,CD07914,38,7
CD07855,CD07919,26,7
CD07855,CD07921,40,6
CD07855,CD07932,43,7
CD07855,CD07933,30,7
CD07855,CD07957,39,7
CD07855,CD07968,40,7
CD07855,CD07982,21,5
CD07855,CD07999,37,7
CD07855,CD08008,38,7
CD07855,CD08016,38,7
CD07855,CD08023,39,6
CD07855,CD08041,39,6
CD07855,CD08052,36,6
CD07855,CD08086,28,6
CD07855,CD08099,42,7
CD07855,CD08117,30,7
CD07855,CD08121,45,7
CD07855,CD08171,27,6
CD07855,CD08184,36,6
CD07855,CD08188,26,5
CD07855,CD08194,44,7
CD07855,CD08197,30,5
CD07855,CD08198,44,7
CD07855,CD08199,44,7
CD07855,CD08217,39,6
CD07855,CD08218,33,7
CD07855,CD08249,38,6
CD07855,CD08250,33,7
CD07855,CD08254,32,7
CD07855,CD08258,32,7
CD07855,CD08259,31,7
CD07855,CD08261,32,7
CD07855,CD08317,41,7
CD07855,CD08335,27,6
CD07855,CD08336,23,6
CD07855,CD08338,34,6
CD07855,CD08339,31,6
CD07855,CD08343,36,6
CD07855,CD08345,35,7
CD07855,CD08354,36,6
CD07855,CD08361,27,6
CD07855,CD08432,29,6
CD07855,CD08435,56,7
CD07855,CD08437,43,7
CD07881,CD07885,5,2
CD07881,CD07888,29,5
CD07881,CD07910,25,6
CD07881,CD07913,9,4
CD07881,CD07914,44,7
CD07881,CD07919,2,1
CD07881,CD07921,18,4
CD07881,CD07932,49,7
CD07881,CD07933,24,5
CD07881,CD07957,45,7
CD07881,CD07968,18,3
CD07881,CD07982,3,1
CD07881,CD07999,45,7
CD07881,CD08008,44,7
CD07881,CD08016,46,7
CD07881,CD08023,17,4
CD07881,CD08041,17,4
CD07881,CD08052,40,7
CD07881,CD08086,34,4
CD07881,CD08099,18,3
CD07881,CD08117,38,6
CD07881,CD08121,51,7
CD07881,CD08171,15,2
CD07881,CD08184,34,7
CD07881,CD08188,23,6
CD07881,CD08194,20,3
CD07881,CD08197,20,2
CD07881,CD08198,20,3
CD07881,CD08199,20,3
CD07881,CD08217,14,4
CD07881,CD08218,27,5
CD07881,CD08249,31,4
CD07881,CD08250,27,5
CD07881,CD08254,26,5
CD07881,CD08258,26,5
CD07881,CD08259,25,5
CD07881,CD08261,26,5
CD07881,CD08317,17,3
CD07881,CD08335,25,7
CD07881,CD08336,2,1
CD07881,CD08338,43,6
CD07881,CD08339,40,6
CD07881,CD08343,40,7
CD07881,CD08345,27,5
CD07881,CD08354,46,6
CD07881,CD08361,24,6
CD07881,CD08432,4,1
CD07881,CD08435,32,3
CD07881,CD08437,41,7
CD07885,CD07888,26,5
CD07885,CD07910,30,7
CD07885,CD07913,6,3
CD07885,CD07914,41,7
CD07885,CD07919,3,2
CD07885,CD07921,13,4
CD07885,CD07932,46,7
CD07885,CD07933,21,5
CD07885,CD07957,42,7
CD07885,CD07968,13,3
CD07885,CD07982,4,1
CD07885,CD07999,42,7
CD07885,CD08008,41,7
CD07885,CD08016,43,7
CD07885,CD08023,12,4
CD07885,CD08041,12,4
CD07885,CD08052,37,7
CD07885,CD08086,31,4
CD07885,CD08099,13,3
CD07885,CD08117,35,6
CD07885,CD08121,48,7
CD07885,CD08171,11,2
CD07885,CD08184,31,7
CD07885,CD08188,24,6
CD07885,CD08194,15,3
CD07885,CD08197,16,2
CD07885,CD08198,15,3
CD07885,CD08199,15,3
CD07885,CD08217,17,4
CD07885,CD08218,24,5
CD07885,CD08249,28,4
CD07885,CD08250,24,5
CD07885,CD08254,23,5
CD07885,CD08258,23,5
CD07885,CD08259,22,5
CD07885,CD08261,23,5
CD07885,CD08317,12,3
CD07885,CD08335,28,7
CD07885,CD08336,3,1
CD07885,CD08338,40,6
CD07885,CD08339,37,6
CD07885,CD08343,37,7
CD07885,CD08345,24,5
CD07885,CD08354,43,6
CD07885,CD08361,25,6
CD07885,CD08432,5,2
CD07885,CD08435,27,3
CD07885,CD08437,38,7
CD07888,CD07910,48,7
CD07888,CD07913,22,5
CD07888,CD07914,31,7
CD07888,CD07919,27,5
CD07888,CD07921,19,5
CD07888,CD07932,26,7
CD07888,CD07933,27,5
CD07888,CD07957,30,7
CD07888,CD07968,17,5
CD07888,CD07982,5,2
CD07888,CD07999,42,7
CD07888,CD08008,31,7
CD07888,CD08016,41,7
CD07888,CD08023,20,5
CD07888,CD08041,20,5
CD07888,CD08052,35,7
CD07888,CD08086,17,4
CD07888,CD08099,21,5
CD07888,CD08117,21,5
CD07888,CD08121,38,7
CD07888,CD08171,15,4
CD07888,CD08184,25,6
CD07888,CD08188,17,5
CD07888,CD08194,23,5
CD07888,CD08197,8,3
CD07888,CD08198,23,5
CD07888,CD08199,23,5
CD07888,CD08217,31,3
CD07888,CD08218,28,5
CD07888,CD08249,10,4
CD07888,CD08250,28,5
CD07888,CD08254,25,5
CD07888,CD08258,25,5
CD07888,CD08259,26,5
CD07888,CD08261,25,5
CD07888,CD08317,22,5
CD07888,CD08335,36,6
CD07888,CD08336,8,4
CD07888,CD08338,22,6
CD07888,CD08339,25,6
CD07888,CD08343,35,7
CD07888,CD08345,26,5
CD07888,CD08354,32,6
CD07888,CD08361,18,5
CD07888,CD08432,10,4
CD07888,CD08435,31,5
CD07888,CD08437,22,6
CD07910,CD07913,28,6
CD07910,CD07914,39,7
CD07910,CD07919,27,7
CD07910,CD07921,41,6
CD07910,CD07932,44,7
CD07910,CD07933,31,7
CD07910,CD07957,40,7
CD07910,CD07968,41,7
CD07910,CD07982,21,5
CD07910,CD07999,38,7
CD07910,CD08008,39,7
CD07910,CD08016,39,7
CD07910,CD08023,40,6
CD07910,CD08041,40,6
CD07910,CD08052,37,6
CD07910,CD08086,29,6
CD07910,CD08099,43,7
CD07910,CD08117,31,7
CD07910,CD08121,46,7
CD07910,CD08171,28,6
CD07910,CD08184,37,6
CD07910,CD08188,26,5
CD07910,CD08194,45,7
CD07910,CD08197,31,5
CD07910,CD08198,45,7
CD07910,CD08199,45,7
CD07910,CD08217,38,6
CD07910,CD08218,34,7
CD07910,CD08249,39,6
CD07910,CD08250,34,7
CD07910,CD08254,33,7
CD07910,CD08258,33,7
CD07910,CD08259,32,7
CD07910,CD08261,33,7
CD07910,CD08317,42,7
CD07910,CD08335,28,7
CD07910,CD08336,23,6
CD07910,CD08338,35,6
CD07910,CD08339,32,6
CD07910,CD08343,37,6
CD07910,CD08345,36,7
CD07910,CD08354,37,6
CD07910,CD08361,27,6
CD07910,CD08432,29,6
CD07910,CD08435,57,7
CD07910,CD08437,44,7
CD07913,CD07914,37,7
CD07913,CD07919,7,4
CD07913,CD07921,15,3
CD07913,CD07932,42,6
CD07913,CD07933,15,5
CD07913,CD07957,38,7
CD07913,CD07968,19,4
CD07913,CD07982,3,2
CD07913,CD07999,38,7
CD07913,CD08008,37,7
CD07913,CD08016,39,7
CD07913,CD08023,14,3
CD07913,CD08041,14,3
CD07913,CD08052,33,7
CD07913,CD08086,31,5
CD07913,CD08099,19,4
CD07913,CD08117,35,6
CD07913,CD08121,42,7
CD07913,CD08171,14,3
CD07913,CD08184,27,7
CD07913,CD08188,20,6
CD07913,CD08194,21,4
CD07913,CD08197,19,3
CD07913,CD08198,21,4
CD07913,CD08199,21,4
CD07913,CD08217,18,4
CD07913,CD08218,18,5
CD07913,CD08249,23,4
CD07913,CD08250,18,5
CD07913,CD08254,17,5
CD07913,CD08258,17,5
CD07913,CD08259,16,5
CD07913,CD08261,17,5
CD07913,CD08317,18,4
CD07913,CD08335,24,7
CD07913,CD08336,3,2
CD07913,CD08338,36,5
CD07913,CD08339,33,5
CD07913,CD08343,33,7
CD07913,CD08345,18,5
CD07913,CD08354,39,6
CD07913,CD08361,21,6
CD07913,CD08432,9,3
CD07913,CD08435,33,4
CD07913,CD08437,34,7
CD07914,CD07919,42,7
CD07914,CD07921,34,6
CD07914,CD07932,15,2
CD07914,CD07933,28,6
CD07914,CD07957,1,1
CD07914,CD07968,36,7
CD07914,CD07982,23,5
CD07914,CD07999,13,6
CD07914,CD08008,0,0
CD07914,CD08016,12,6
CD07914,CD08023,35,7
CD07914,CD08041,35,7
CD07914,CD08052,14,7
CD07914,CD08086,26,5
CD07914,CD08099,32,7
CD07914,CD08117,26,6
CD07914,CD08121,23,7
CD07914,CD08171,22,6
CD07914,CD08184,10,4
CD07914,CD08188,8,3
CD07914,CD08194,34,7
CD07914,CD08197,19,5
CD07914,CD08198,34,7
CD07914,CD08199,34,7
CD07914,CD08217,43,6
CD07914,CD08218,29,7
CD07914,CD08249,20,6
CD07914,CD08250,29,7
CD07914,CD08254,26,6
CD07914,CD08258,26,6
CD07914,CD08259,27,6
CD07914,CD08261,26,6
CD07914,CD08317,33,7
CD07914,CD08335,19,3
CD07914,CD08336,29,6
CD07914,CD08338,13,3
CD07914,CD08339,10,3
CD07914,CD08343,14,7
CD07914,CD08345,27,6
CD07914,CD08354,23,6
CD07914,CD08361,7,2
CD07914,CD08432,27,6
CD07914,CD08435,42,6
CD07914,CD08437,9,4
CD07919,CD07921,16,4
CD07919,CD07932,47,7
CD07919,CD07933,22,5
CD07919,CD07957,43,7
CD07919,CD07968,16,3
CD07919,CD07982,3,1
CD07919,CD07999,43,7
CD07919,CD08008,42,7
CD07919,CD08016,44,7
CD07919,CD08023,15,4
CD07919,CD08041,15,4
CD07919,CD08052,38,7
CD07919,CD08086,32,4
CD07919,CD08099,16,3
CD07919,CD08117,36,6
CD07919,CD08121,49,7
CD07919,CD08171,13,2
CD07919,CD08184,32,7
CD07919,CD08188,23,6
CD07919,CD08194,18,3
CD07919,CD08197,18,2
CD07919,CD08198,18,3
CD07919,CD08199,18,3
CD07919,CD08217,16,4
CD07919,CD08218,25,5
CD07919,CD08249,29,4
CD07919,CD08250,25,5
CD07919,CD08254,24,5
CD07919,CD08258,24,5
CD07919,CD08259,23,5
CD07919,CD08261,24,5
CD07919,CD08317,15,3
CD07919,CD08335,25,7
CD07919,CD08336,2,1
CD07919,CD08338,41,6
CD07919,CD08339,38,6
CD07919,CD08343,38,7
CD07919,CD08345,25,5
CD07919,CD08354,44,6
CD07919,CD08361,24,6
CD07919,CD08432,4,1
CD07919,CD08435,30,3
CD07919,CD08437,39,7
CD07921,CD07932,39,7
CD07921,CD07933,26,5
CD07921,CD07957,35,7
CD07921,CD07968,6,4
CD07921,CD07982,7,2
CD07921,CD07999,45,7
CD07921,CD08008,34,6
CD07921,CD08016,44,7
CD07921,CD08023,1,1
CD07921,CD08041,1,1
CD07921,CD08052,38,7
CD07921,CD08086,26,5
CD07921,CD08099,8,3
CD07921,CD08117,30,6
CD07921,CD08121,39,7
CD07921,CD08171,8,3
CD07921,CD08184,28,7
CD07921,CD08188,26,6
CD07921,CD08194,10,4
CD07921,CD08197,9,3
CD07921,CD08198,10,4
CD07921,CD08199,10,4
CD07921,CD08217,25,4
CD07921,CD08218,27,5
CD07921,CD08249,20,4
CD07921,CD08250,27,5
CD07921,CD08254,24,5
CD07921,CD08258,24,5
CD07921,CD08259,25,5
CD07921,CD08261,24,5
CD07921,CD08317,9,3
CD07921,CD08335,39,7
CD07921,CD08336,7,3
CD07921,CD08338,33,6
CD07921,CD08339,30,6
CD07921,CD08343,38,7
CD07921,CD08345,25,5
CD07921,CD08354,35,6
CD07921,CD08361,27,6
CD07921,CD08432,9,3
CD07921,CD08435,18,3
CD07921,CD08437,31,7
CD07932,CD07933,43,7
CD07932,CD07957,14,2
CD07932,CD07968,37,7
CD07932,CD07982,18,5
CD07932,CD07999,28,6
CD07932,CD08008,15,2
CD07932,CD08016,27,6
CD07932,CD08023,40,7
CD07932,CD08041,40,7
CD07932,CD08052,25,7
CD07932,CD08086,19,5
CD07932,CD08099,37,7
CD07932,CD08117,19,6
CD07932,CD08121,32,7
CD07932,CD08171,27,6
CD07932,CD08184,19,4
CD07932,CD08188,7,3
CD07932,CD08194,39,7
CD07932,CD08197,18,5
CD07932,CD08198,39,7
CD07932,CD08199,39,7
CD07932,CD08217,54,6
CD07932,CD08218,44,7
CD07932,CD08249,23,6
CD07932,CD08250,44,7
CD07932,CD08254,41,7
CD07932,CD08258,41,7
CD07932,CD08259,42,7
CD07932,CD08261,41,7
CD07932,CD08317,38,7
CD07932,CD08335,28,3
CD07932,CD08336,24,6
CD07932,CD08338,8,2
CD07932,CD08339,11,2
CD07932,CD08343,25,7
CD07932,CD08345,42,6
CD07932,CD08354,25,6
CD07932,CD08361,6,2
CD07932,CD08432,22,6
CD07932,CD08435,47,7
CD07932,CD08437,16,4
CD07933,CD07957,29,6
CD07933,CD07968,30,5
CD07933,CD07982,13,3
CD07933,CD07999,27,6
CD07933,CD08008,28,6
CD07933,CD08016,28,6
CD07933,CD08023,25,5
CD07933,CD08041,25,5
CD07933,CD08052,30,7
CD07933,CD08086,29,4
CD07933,CD08099,30,5
CD07933,CD08117,34,5
CD07933,CD08121,35,7
CD07933,CD08171,19,4
CD07933,CD08184,32,7
CD07933,CD08188,27,6
CD07933,CD08194,32,5
CD07933,CD08197,23,3
CD07933,CD08198,32,5
CD07933,CD08199,32,5
CD07933,CD08217,24,4
CD07933,CD08218,3,3
CD07933,CD08249,13,2
CD07933,CD08250,3,3
CD07933,CD08254,2,1
CD07933,CD08258,2,1
CD07933,CD08259,1,1
CD07933,CD08261,2,1
CD07933,CD08317,29,5
CD07933,CD08335,33,7
CD07933,CD08336,16,4
CD07933,CD08338,35,6
CD07933,CD08339,32,6
CD07933,CD08343,30,7
CD07933,CD08345,5,4
CD07933,CD08354,35,6
CD07933,CD08361,28,6
CD07933,CD08432,22,4
CD07933,CD08435,44,5
CD07933,CD08437,35,7
CD07957,CD07968,35,7
CD07957,CD07982,23,5
CD07957,CD07999,14,6
CD07957,CD08008,1,1
CD07957,CD08016,13,6
CD07957,CD08023,36,7
CD07957,CD08041,36,7
CD07957,CD08052,15,7
CD07957,CD08086,25,5
CD07957,CD08099,33,7
CD07957,CD08117,25,6
CD07957,CD08121,22,7
CD07957,CD08171,23,6
CD07957,CD08184,11,4
CD07957,CD08188,8,3
CD07957,CD08194,35,7
CD07957,CD08197,18,5
CD07957,CD08198,35,7
CD07957,CD08199,35,7
CD07957,CD08217,44,6
CD07957,CD08218,30,7
CD07957,CD08249,19,6
CD07957,CD08250,30,7
CD07957,CD08254,27,6
CD07957,CD08258,27,6
CD07957,CD08259,28,6
CD07957,CD08261,27,6
CD07957,CD08317,34,7
CD07957,CD08335,20,3
CD07957,CD08336,29,6
CD07957,CD08338,12,3
CD07957,CD08339,9,3
CD07957,CD08343,15,7
CD07957,CD08345,28,6
CD07957,CD08354,22,6
CD07957,CD08361,7,2
CD07957,CD08432,27,6
CD07957,CD08435,43,7
CD07957,CD08437,8,4
CD07968,CD07982,6,2
CD07968,CD07999,47,7
CD07968,CD08008,36,7
CD07968,CD08016,46,7
CD07968,CD08023,7,4
CD07968,CD08041,7,4
CD07968,CD08052,40,7
CD07968,CD08086,20,4
CD07968,CD08099,10,4
CD07968,CD08117,24,6
CD07968,CD08121,39,6
CD07968,CD08171,9,3
CD07968,CD08184,30,7
CD07968,CD08188,26,6
CD07968,CD08194,12,4
CD07968,CD08197,6,3
CD07968,CD08198,12,4
CD07968,CD08199,12,4
CD07968,CD08217,28,3
CD07968,CD08218,31,5
CD07968,CD08249,19,4
CD07968,CD08250,31,5
CD07968,CD08254,28,5
CD07968,CD08258,28,5
CD07968,CD08259,29,5
CD07968,CD08261,28,5
CD07968,CD08317,11,4
CD07968,CD08335,41,7
CD07968,CD08336,5,2
CD07968,CD08338,31,6
CD07968,CD08339,28,5
CD07968,CD08343,40,7
CD07968,CD08345,29,5
CD07968,CD08354,33,6
CD07968,CD08361,27,6
CD07968,CD08432,7,3
CD07968,CD08435,20,4
CD07968,CD08437,29,7
CD07982,CD07999,28,5
CD07982,CD08008,23,5
CD07982,CD08016,28,5
CD07982,CD08023,7,2
CD07982,CD08041,7,2
CD07982,CD08052,22,5
CD07982,CD08086,12,3
CD07982,CD08099,6,1
CD07982,CD08117,15,4
CD07982,CD08121,28,5
CD07982,CD08171,0,0
CD07982,CD08184,15,4
CD07982,CD08188,15,4
CD07982,CD08194,8,1
CD07982,CD08197,0,0
CD07982,CD08198,8,1
CD07982,CD08199,8,1
CD07982,CD08217,12,3
CD07982,CD08218,14,3
CD07982,CD08249,11,3
CD07982,CD08250,14,3
CD07982,CD08254,13,3
CD07982,CD08258,13,3
CD07982,CD08259,13,3
CD07982,CD08261,13,3
CD07982,CD08317,6,1
CD07982,CD08335,16,4
CD07982,CD08336,1,1
CD07982,CD08338,17,4
CD07982,CD08339,17,4
CD07982,CD08343,22,5
CD07982,CD08345,13,3
CD07982,CD08354,22,4
CD07982,CD08361,16,4
CD07982,CD08432,3,1
CD07982,CD08435,18,1
CD07982,CD08437,17,4
CD07999,CD08008,13,6
CD07999,CD08016,1,1
CD07999,CD08023,44,7
CD07999,CD08041,44,7
CD07999,CD08052,7,4
CD07999,CD08086,36,5
CD07999,CD08099,39,7
CD07999,CD08117,35,5
CD07999,CD08121,26,5
CD07999,CD08171,28,6
CD07999,CD08184,19,7
CD07999,CD08188,16,6
CD07999,CD08194,41,7
CD07999,CD08197,30,5
CD07999,CD08198,41,7
CD07999,CD08199,41,7
CD07999,CD08217,43,6
CD07999,CD08218,26,5
CD07999,CD08249,28,5
CD07999,CD08250,26,5
CD07999,CD08254,25,5
CD07999,CD08258,25,5
CD07999,CD08259,26,6
CD07999,CD08261,25,5
CD07999,CD08317,38,7
CD07999,CD08335,22,6
CD07999,CD08336,35,6
CD07999,CD08338,20,5
CD07999,CD08339,17,5
CD07999,CD08343,7,4
CD07999,CD08345,26,5
CD07999,CD08354,25,4
CD07999,CD08361,15,5
CD07999,CD08432,33,6
CD07999,CD08435,53,7
CD07999,CD08437,20,5
CD08008,CD08016,12,6
CD08008,CD08023,35,7
CD08008,CD08041,35,7
CD08008,CD08052,14,7
CD08008,CD08086,26,5
CD08008,CD08099,32,7
CD08008,CD08117,26,6
CD08008,CD08121,23,7
CD08008,CD08171,22,6
CD08008,CD08184,10,4
CD08008,CD08188,8,3
CD08008,CD08194,34,7
CD08008,CD08197,19,5
CD08008,CD08198,34,7
CD08008,CD08199,34,7
CD08008,CD08217,43,6
CD08008,CD08218,29,7
CD08008,CD08249,20,6
CD08008,CD08250,29,7
CD08008,CD08254,26,6
CD08008,CD08258,26,6
CD08008,CD08259,27,6
CD08008,CD08261,26,6
CD08008,CD08317,33,7
CD08008,CD08335,19,3
CD08008,CD08336,29,6
CD08008,CD08338,13,3
CD08008,CD08339,10,3
CD08008,CD08343,14,7
CD08008,CD08345,27,6
CD08008,CD08354,23,6
CD08008,CD08361,7,2
CD08008,CD08432,27,6
CD08008,CD08435,42,6
CD08008,CD08437,9,4
CD08016,CD08023,43,7
CD08016,CD08041,43,7
CD08016,CD08052,6,3
CD08016,CD08086,35,5
CD08016,CD08099,38,7
CD08016,CD08117,34,5
CD08016,CD08121,25,5
CD08016,CD08171,27,6
CD08016,CD08184,18,7
CD08016,CD08188,16,6
CD08016,CD08194,40,7
CD08016,CD08197,29,5
CD08016,CD08198,40,7
CD08016,CD08199,40,7
CD08016,CD08217,44,6
CD08016,CD08218,27,5
CD08016,CD08249,27,5
CD08016,CD08250,27,5
CD08016,CD08254,26,6
CD08016,CD08258,26,6
CD08016,CD08259,27,6
CD08016,CD08261,26,6
CD08016,CD08317,37,7
CD08016,CD08335,23,6
CD08016,CD08336,35,6
CD08016,CD08338,19,5
CD08016,CD08339,16,5
CD08016,CD08343,6,3
CD08016,CD08345,27,6
CD08016,CD08354,24,4
CD08016,CD08361,15,5
CD08016,CD08432,33,6
CD08016,CD08435,52,7
CD08016,CD08437,19,5
CD08023,CD08041,0,0
CD08023,CD08052,37,7
CD08023,CD08086,27,5
CD08023,CD08099,7,3
CD08023,CD08117,31,6
CD08023,CD08121,40,7
CD08023,CD08171,7,3
CD08023,CD08184,27,7
CD08023,CD08188,26,6
CD08023,CD08194,9,4
CD08023,CD08197,10,3
CD08023,CD08198,9,4
CD08023,CD08199,9,4
CD08023,CD08217,24,4
CD08023,CD08218,26,5
CD08023,CD08249,21,4
CD08023,CD08250,26,5
CD08023,CD08254,23,5
CD08023,CD08258,23,5
CD08023,CD08259,24,5
CD08023,CD08261,23,5
CD08023,CD08317,8,3
CD08023,CD08335,38,7
CD08023,CD08336,7,3
CD08023,CD08338,34,6
CD08023,CD08339,31,6
CD08023,CD08343,37,7
CD08023,CD08345,24,5
CD08023,CD08354,36,6
CD08023,CD08361,27,6
CD08023,CD08432,9,3
CD08023,CD08435,19,4
CD08023,CD08437,32,7
CD08041,CD08052,37,7
CD08041,CD08086,27,5
CD08041,CD08099,7,3
CD08041,CD08117,31,6
CD08041,CD08121,40,7
CD08041,CD08171,7,3
CD08041,CD08184,27,7
CD08041,CD08188,26,6
CD08041,CD08194,9,4
CD08041,CD08197,10,3
CD08041,CD08198,9,4
CD08041,CD08199,9,4
CD08041,CD08217,24,4
CD08041,CD08218,26,5
CD08041,CD08249,21,4
CD08041,CD08250,26,5
CD08041,CD08254,23,5
CD08041,CD08258,23,5
CD08041,CD08259,24,5
CD08041,CD08261,23,5
CD08041,CD08317,8,3
CD08041,CD08335,38,7
CD08041,CD08336,7,3
CD08041,CD08338,34,6
CD08041,CD08339,31,6
CD08041,CD08343,37,7
CD08041,CD08345,24,5
CD08041,CD08354,36,6
CD08041,CD08361,27,6
CD08041,CD08432,9,3
CD08041,CD08435,19,4
CD08041,CD08437,32,7
CD08052,CD08086,33,6
CD08052,CD08099,32,7
CD08052,CD08117,32,6
CD08052,CD08121,23,4
CD08052,CD08171,23,6
CD08052,CD08184,12,6
CD08052,CD08188,10,5
CD08052,CD08194,34,7
CD08052,CD08197,25,5
CD08052,CD08198,34,7
CD08052,CD08199,34,7
CD08052,CD08217,38,5
CD08052,CD08218,31,7
CD08052,CD08249,25,5
CD08052,CD08250,31,7
CD08052,CD08254,28,7
CD08052,CD08258,28,7
CD08052,CD08259,29,7
CD08052,CD08261,28,7
CD08052,CD08317,31,7
CD08052,CD08335,19,7
CD08052,CD08336,29,6
CD08052,CD08338,19,6
CD08052,CD08339,16,6
CD08052,CD08343,0,0
CD08052,CD08345,29,7
CD08052,CD08354,23,3
CD08052,CD08361,11,6
CD08052,CD08432,27,6
CD08052,CD08435,46,7
CD08052,CD08437,17,6
CD08086,CD08099,30,5
CD08086,CD08117,1,1
CD08086,CD08121,32,6
CD08086,CD08171,19,4
CD08086,CD08184,28,5
CD08086,CD08188,20,4
CD08086,CD08194,32,5
CD08086,CD08197,14,4
CD08086,CD08198,32,5
CD08086,CD08199,32,5
CD08086,CD08217,46,4
CD08086,CD08218,30,4
CD08086,CD08249,14,3
CD08086,CD08250,30,4
CD08086,CD08254,27,4
CD08086,CD08258,27,4
CD08086,CD08259,28,4
CD08086,CD08261,27,4
CD08086,CD08317,31,5
CD08086,CD08335,39,5
CD08086,CD08336,13,3
CD08086,CD08338,17,5
CD08086,CD08339,20,5
CD08086,CD08343,33,6
CD08086,CD08345,30,5
CD08086,CD08354,20,5
CD08086,CD08361,21,4
CD08086,CD08432,19,4
CD08086,CD08435,40,5
CD08086,CD08437,26,5
CD08099,CD08117,32,6
CD08099,CD08121,47,7
CD08099,CD08171,0,0
CD08099,CD08184,22,6
CD08099,CD08188,22,6
CD08099,CD08194,2,1
CD08099,CD08197,5,1
CD08099,CD08198,2,1
CD08099,CD08199,2,1
CD08099,CD08217,24,4
CD08099,CD08218,31,5
CD08099,CD08249,23,4
CD08099,CD08250,31,5
CD08099,CD08254,28,5
CD08099,CD08258,28,5
CD08099,CD08259,29,5
CD08099,CD08261,28,5
CD08099,CD08317,1,1
CD08099,CD08335,33,7
CD08099,CD08336,9,2
CD08099,CD08338,31,6
CD08099,CD08339,28,6
CD08099,CD08343,32,7
CD08099,CD08345,29,5
CD08099,CD08354,42,6
CD08099,CD08361,23,6
CD08099,CD08432,3,1
CD08099,CD08435,14,2
CD08099,CD08437,29,7
CD08117,CD08121,33,6
CD08117,CD08171,21,5
CD08117,CD08184,28,6
CD08117,CD08188,20,5
CD08117,CD08194,34,6
CD08117,CD08197,13,4
CD08117,CD08198,34,6
CD08117,CD08199,34,6
CD08117,CD08217,51,5
CD08117,CD08218,35,5
CD08117,CD08249,18,4
CD08117,CD08250,35,5
CD08117,CD08254,32,5
CD08117,CD08258,32,5
CD08117,CD08259,33,5
CD08117,CD08261,32,5
CD08117,CD08317,33,6
CD08117,CD08335,39,6
CD08117,CD08336,17,5
CD08117,CD08338,17,6
CD08117,CD08339,20,6
CD08117,CD08343,32,6
CD08117,CD08345,35,6
CD08117,CD08354,21,5
CD08117,CD08361,21,5
CD08117,CD08432,21,5
CD08117,CD08435,42,6
CD08117,CD08437,25,5
CD08121,CD08171,38,6
CD08121,CD08184,29,7
CD08121,CD08188,25,6
CD08121,CD08194,49,7
CD08121,CD08197,32,5
CD08121,CD08198,49,7
CD08121,CD08199,49,7
CD08121,CD08217,50,6
CD08121,CD08218,34,7
CD08121,CD08249,25,6
CD08121,CD08250,34,7
CD08121,CD08254,33,7
CD08121,CD08258,33,7
CD08121,CD08259,34,7
CD08121,CD08261,33,7
CD08121,CD08317,48,7
CD08121,CD08335,38,7
CD08121,CD08336,34,6
CD08121,CD08338,26,6
CD08121,CD08339,23,5
CD08121,CD08343,23,4
CD08121,CD08345,32,7
CD08121,CD08354,3,2
CD08121,CD08361,24,6
CD08121,CD08432,40,6
CD08121,CD08435,57,7
CD08121,CD08437,22,5
CD08171,CD08184,16,5
CD08171,CD08188,16,5
CD08171,CD08194,0,0
CD08171,CD08197,5,1
CD08171,CD08198,0,0
CD08171,CD08199,0,0
CD08171,CD08217,23,3
CD08171,CD08218,20,4
CD08171,CD08249,12,3
CD08171,CD08250,20,4
CD08171,CD08254,17,4
CD08171,CD08258,17,4
CD08171,CD08259,18,4
CD08171,CD08261,17,4
CD08171,CD08317,1,1
CD08171,CD08335,27,6
CD08171,CD08336,4,1
CD08171,CD08338,18,5
CD08171,CD08339,15,5
CD08171,CD08343,23,6
CD08171,CD08345,19,4
CD08171,CD08354,33,5
CD08171,CD08361,17,5
CD08171,CD08432,0,0
CD08171,CD08435,2,1
CD08171,CD08437,23,6
CD08184,CD08188,0,0
CD08184,CD08194,24,6
CD08184,CD08197,17,5
CD08184,CD08198,24,6
CD08184,CD08199,24,6
CD08184,CD08217,35,6
CD08184,CD08218,33,7
CD08184,CD08249,24,6
CD08184,CD08250,33,7
CD08184,CD08254,30,7
CD08184,CD08258,30,7
CD08184,CD08259,31,7
CD08184,CD08261,30,7
CD08184,CD08317,23,7
CD08184,CD08335,11,2
CD08184,CD08336,21,6
CD08184,CD08338,17,4
CD08184,CD08339,14,4
CD08184,CD08343,12,6
CD08184,CD08345,31,7
CD08184,CD08354,28,6
CD08184,CD08361,1,1
CD08184,CD08432,19,6
CD08184,CD08435,36,7
CD08184,CD08437,9,4
CD08188,CD08194,24,6
CD08188,CD08197,12,4
CD08188,CD08198,24,6
CD08188,CD08199,24,6
CD08188,CD08217,19,5
CD08188,CD08218,29,6
CD08188,CD08249,18,5
CD08188,CD08250,29,6
CD08188,CD08254,27,6
CD08188,CD08258,27,6
CD08188,CD08259,27,6
CD08188,CD08261,27,6
CD08188,CD08317,22,6
CD08188,CD08335,1,1
CD08188,CD08336,21,6
CD08188,CD08338,10,3
CD08188,CD08339,10,3
CD08188,CD08343,10,5
CD08188,CD08345,28,6
CD08188,CD08354,22,5
CD08188,CD08361,1,1
CD08188,CD08432,19,6
CD08188,CD08435,34,6
CD08188,CD08437,4,3
CD08194,CD08197,5,1
CD08194,CD08198,0,0
CD08194,CD08199,0,0
CD08194,CD08217,26,4
CD08194,CD08218,33,5
CD08194,CD08249,25,4
CD08194,CD08250,33,5
CD08194,CD08254,30,5
CD08194,CD08258,30,5
CD08194,CD08259,31,5
CD08194,CD08261,30,5
CD08194,CD08317,3,2
CD08194,CD08335,35,7
CD08194,CD08336,11,2
CD08194,CD08338,33,6
CD08194,CD08339,30,6
CD08194,CD08343,34,7
CD08194,CD08345,31,5
CD08194,CD08354,44,6
CD08194,CD08361,25,6
CD08194,CD08432,5,1
CD08194,CD08435,12,2
CD08194,CD08437,31,7
CD08197,CD08198,5,1
CD08197,CD08199,5,1
CD08197,CD08217,26,2
CD08197,CD08218,24,3
CD08197,CD08249,6,2
CD08197,CD08250,24,3
CD08197,CD08254,21,3
CD08197,CD08258,21,3
CD08197,CD08259,22,3
CD08197,CD08261,21,3
CD08197,CD08317,6,1
CD08197,CD08335,28,5
CD08197,CD08336,4,1
CD08197,CD08338,9,4
CD08197,CD08339,8,4
CD08197,CD08343,25,5
CD08197,CD08345,23,3
CD08197,CD08354,25,4
CD08197,CD08361,13,4
CD08197,CD08432,0,0
CD08197,CD08435,3,1
CD08197,CD08437,15,4
CD08198,CD08199,0,0
CD08198,CD08217,26,4
CD08198,CD08218,33,5
CD08198,CD08249,25,4
CD08198,CD08250,33,5
CD08198,CD08254,30,5
CD08198,CD08258,30,5
CD08198,CD08259,31,5
CD08198,CD08261,30,5
CD08198,CD08317,3,2
CD08198,CD08335,35,7
CD08198,CD08336,11,2
CD08198,CD08338,33,6
CD08198,CD08339,30,6
CD08198,CD08343,34,7
CD08198,CD08345,31,5
CD08198,CD08354,44,6
CD08198,CD08361,25,6
CD08198,CD08432,5,1
CD08198,CD08435,12,2
CD08198,CD08437,31,7
CD08199,CD08217,26,4
CD08199,CD08218,33,5
CD08199,CD08249,25,4
CD08199,CD08250,33,5
CD08199,CD08254,30,5
CD08199,CD08258,30,5
CD08199,CD08259,31,5
CD08199,CD08261,30,5
CD08199,CD08317,3,2
CD08199,CD08335,35,7
CD08199,CD08336,11,2
CD08199,CD08338,33,6
CD08199,CD08339,30,6
CD08199,CD08343,34,7
CD08199,CD08345,31,5
CD08199,CD08354,44,6
CD08199,CD08361,25,6
CD08199,CD08432,5,1
CD08199,CD08435,12,2
CD08199,CD08437,31,7
CD08217,CD08218,26,4
CD08217,CD08249,33,3
CD08217,CD08250,26,4
CD08217,CD08254,26,4
CD08217,CD08258,26,4
CD08217,CD08259,25,4
CD08217,CD08261,26,4
CD08217,CD08317,23,4
CD08217,CD08335,26,6
CD08217,CD08336,11,3
CD08217,CD08338,48,5
CD08217,CD08339,45,5
CD08217,CD08343,38,5
CD08217,CD08345,26,4
CD08217,CD08354,51,5
CD08217,CD08361,20,5
CD08217,CD08432,9,3
CD08217,CD08435,38,4
CD08217,CD08437,40,6
CD08218,CD08249,13,2
CD08218,CD08250,0,0
CD08218,CD08254,3,3
CD08218,CD08258,3,3
CD08218,CD08259,2,2
CD08218,CD08261,3,3
CD08218,CD08317,30,5
CD08218,CD08335,36,7
CD08218,CD08336,18,4
CD08218,CD08338,36,6
CD08218,CD08339,33,6
CD08218,CD08343,31,7
CD08218,CD08345,2,2
CD08218,CD08354,33,6
CD08218,CD08361,30,6
CD08218,CD08432,24,4
CD08218,CD08435,45,5
CD08218,CD08437,36,7
CD08249,CD08250,13,2
CD08249,CD08254,11,2
CD08249,CD08258,11,2
CD08249,CD08259,12,2
CD08249,CD08261,11,2
CD08249,CD08317,24,4
CD08249,CD08335,35,6
CD08249,CD08336,12,3
CD08249,CD08338,15,5
CD08249,CD08339,16,5
CD08249,CD08343,25,5
CD08249,CD08345,13,3
CD08249,CD08354,22,4
CD08249,CD08361,19,5
CD08249,CD08432,14,3
CD08249,CD08435,33,4
CD08249,CD08437,19,6
CD08250,CD08254,3,3
CD08250,CD08258,3,3
CD08250,CD08259,2,2
CD08250,CD08261,3,3
CD08250,CD08317,30,5
CD08250,CD08335,36,7
CD08250,CD08336,18,4
CD08250,CD08338,36,6
CD08250,CD08339,33,6
CD08250,CD08343,31,7
CD08250,CD08345,2,2
CD08250,CD08354,33,6
CD08250,CD08361,30,6
CD08250,CD08432,24,4
CD08250,CD08435,45,5
CD08250,CD08437,36,7
CD08254,CD08258,0,0
CD08254,CD08259,1,1
CD08254,CD08261,0,0
CD08254,CD08317,27,5
CD08254,CD08335,35,7
CD08254,CD08336,16,4
CD08254,CD08338,33,6
CD08254,CD08339,30,6
CD08254,CD08343,28,7
CD08254,CD08345,3,3
CD08254,CD08354,33,6
CD08254,CD08361,28,6
CD08254,CD08432,22,4
CD08254,CD08435,42,5
CD08254,CD08437,33,7
CD08258,CD08259,1,1
CD08258,CD08261,0,0
CD08258,CD08317,27,5
CD08258,CD08335,35,7
CD08258,CD08336,16,4
CD08258,CD08338,33,6
CD08258,CD08339,30,6
CD08258,CD08343,28,7
CD08258,CD08345,3,3
CD08258,CD08354,33,6
CD08258,CD08361,28,6
CD08258,CD08432,22,4
CD08258,CD08435,42,5
CD08258,CD08437,33,7
CD08259,CD08261,1,1
CD08259,CD08317,28,5
CD08259,CD08335,34,7
CD08259,CD08336,16,4
CD08259,CD08338,34,6
CD08259,CD08339,31,6
CD08259,CD08343,29,7
CD08259,CD08345,4,4
CD08259,CD08354,34,6
CD08259,CD08361,28,6
CD08259,CD08432,22,4
CD08259,CD08435,43,5
CD08259,CD08437,34,7
CD08261,CD08317,27,5
CD08261,CD08335,35,7
CD08261,CD08336,16,4
CD08261,CD08338,33,6
CD08261,CD08339,30,6
CD08261,CD08343,28,7
CD08261,CD08345,3,3
CD08261,CD08354,33,6
CD08261,CD08361,28,6
CD08261,CD08432,22,4
CD08261,CD08435,42,5
CD08261,CD08437,33,7
CD08317,CD08335,32,7
CD08317,CD08336,9,2
CD08317,CD08338,32,6
CD08317,CD08339,29,6
CD08317,CD08343,31,7
CD08317,CD08345,28,5
CD08317,CD08354,43,6
CD08317,CD08361,23,6
CD08317,CD08432,3,1
CD08317,CD08435,15,2
CD08317,CD08437,30,7
CD08335,CD08336,22,6
CD08335,CD08338,26,3
CD08335,CD08339,23,3
CD08335,CD08343,19,7
CD08335,CD08345,36,7
CD08335,CD08354,37,6
CD08335,CD08361,0,0
CD08335,CD08432,20,6
CD08335,CD08435,47,7
CD08335,CD08437,18,3
CD08336,CD08338,23,5
CD08336,CD08339,23,5
CD08336,CD08343,29,6
CD08336,CD08345,17,4
CD08336,CD08354,27,5
CD08336,CD08361,22,6
CD08336,CD08432,6,2
CD08336,CD08435,21,2
CD08336,CD08437,23,6
CD08338,CD08339,3,1
CD08338,CD08343,19,6
CD08338,CD08345,36,6
CD08338,CD08354,19,5
CD08338,CD08361,9,2
CD08338,CD08432,21,5
CD08338,CD08435,41,6
CD08338,CD08437,14,4
CD08339,CD08343,16,6
CD08339,CD08345,33,6
CD08339,CD08354,20,5
CD08339,CD08361,9,2
CD08339,CD08432,21,5
CD08339,CD08435,38,6
CD08339,CD08437,13,4
CD08343,CD08345,29,7
CD08343,CD08354,23,3
CD08343,CD08361,11,6
CD08343,CD08432,27,6
CD08343,CD08435,46,7
CD08343,CD08437,17,6
CD08345,CD08354,31,6
CD08345,CD08361,29,6
CD08345,CD08432,23,4
CD08345,CD08435,43,5
CD08345,CD08437,34,7
CD08354,CD08361,21,5
CD08354,CD08432,33,5
CD08354,CD08435,52,6
CD08354,CD08437,21,5
CD08361,CD08432,20,6
CD08361,CD08435,35,6
CD08361,CD08437,3,2
CD08432,CD08435,15,1
CD08432,CD08437,21,6
CD08435,CD08437,39,7
